Record Length,2500,Points
Sample Interval,4.00E-05,s
Trigger Point,1.00E+03,Samples
,,
,,
,,
Source,CH2,
Vertical Units,Volts,
Vertical Scale,2.00E-01,
Vertical Offset,0,
Horizontal Units,s,
Horizontal Scale,1.00E-02,
Pt Fmt,Y,
Yzero,-4.12,
Probe Atten,1,
,,
Note,TDS 1002B - 10:25:17 AM   3/6/2023,
,,
seconds,voltage,
-0.03999999911,1.32000010000,
-0.03996000066,1.32000010000,
-0.03991999850,1.32000010000,
-0.03988000005,1.32000010000,
-0.03983999789,1.32000010000,
-0.03979999945,1.32000010000,
-0.03975999728,1.32000010000,
-0.03971999884,1.32000010000,
-0.03968000039,1.32000010000,
-0.03963999823,1.32000010000,
-0.03959999979,1.32000010000,
-0.03955999762,1.32000010000,
-0.03951999918,1.32000010000,
-0.03948000073,1.32000010000,
-0.03943999857,1.32000010000,
-0.03940000013,1.32000010000,
-0.03935999796,1.32000010000,
-0.03931999952,1.32000010000,
-0.03927999735,1.32000010000,
-0.03923999891,1.32000010000,
-0.03920000046,1.32000010000,
-0.03915999830,1.32000010000,
-0.03911999986,1.32000010000,
-0.03907999769,1.32000010000,
-0.03903999925,1.32000010000,
-0.03900000080,1.32000010000,
-0.03895999864,1.32000010000,
-0.03892000020,1.32000010000,
-0.03887999803,1.32000010000,
-0.03883999959,1.32000010000,
-0.03879999742,1.32000010000,
-0.03875999898,1.32000010000,
-0.03872000054,1.32000010000,
-0.03867999837,1.32000010000,
-0.03863999993,1.32000010000,
-0.03859999776,1.32000010000,
-0.03855999932,1.32000010000,
-0.03852000087,1.32000010000,
-0.03847999871,1.32000010000,
-0.03844000027,1.32000010000,
-0.03839999810,1.31200000000,
-0.03835999966,1.32000010000,
-0.03831999749,1.32000010000,
-0.03827999905,1.32000010000,
-0.03824000061,1.32000010000,
-0.03819999844,1.32000010000,
-0.03816000000,1.31200000000,
-0.03811999783,1.32000010000,
-0.03807999939,1.32000010000,
-0.03804000095,1.32000010000,
-0.03799999878,1.31200000000,
-0.03796000034,1.32000010000,
-0.03791999817,1.32000010000,
-0.03787999973,1.31200000000,
-0.03783999756,1.32000010000,
-0.03779999912,1.31200000000,
-0.03776000068,1.31200000000,
-0.03771999851,1.31200000000,
-0.03768000007,1.32000010000,
-0.03763999790,1.31200000000,
-0.03759999946,1.31200000000,
-0.03756000102,1.32000010000,
-0.03751999885,1.31200000000,
-0.03748000041,1.31200000000,
-0.03743999824,1.31200000000,
-0.03739999980,1.32000010000,
-0.03735999763,1.31200000000,
-0.03731999919,1.31200000000,
-0.03728000075,1.31200000000,
-0.03723999858,1.31200000000,
-0.03720000014,1.32000010000,
-0.03715999797,1.32000010000,
-0.03711999953,1.31200000000,
-0.03707999736,1.31200000000,
-0.03703999892,1.32000010000,
-0.03700000048,1.31200000000,
-0.03695999831,1.31200000000,
-0.03691999987,1.31200000000,
-0.03687999770,1.31200000000,
-0.03683999926,1.31200000000,
-0.03680000082,1.31200000000,
-0.03675999865,1.31200000000,
-0.03672000021,1.31200000000,
-0.03667999804,1.31200000000,
-0.03663999960,1.31200000000,
-0.03659999743,1.32000010000,
-0.03655999899,1.31200000000,
-0.03652000055,1.31200000000,
-0.03647999838,1.31200000000,
-0.03643999994,1.31200000000,
-0.03639999777,1.31200000000,
-0.03635999933,1.31200000000,
-0.03632000089,1.31200000000,
-0.03627999872,1.31200000000,
-0.03624000028,1.31200000000,
-0.03619999811,1.31200000000,
-0.03615999967,1.31200000000,
-0.03611999750,1.31200000000,
-0.03607999906,1.31200000000,
-0.03604000062,1.31200000000,
-0.03599999845,1.30400000000,
-0.03596000001,1.31200000000,
-0.03591999784,1.31200000000,
-0.03587999940,1.31200000000,
-0.03584000096,1.31200000000,
-0.03579999879,1.31200000000,
-0.03576000035,1.31200000000,
-0.03571999818,1.31200000000,
-0.03567999974,1.30400000000,
-0.03563999757,1.30400000000,
-0.03559999913,1.31200000000,
-0.03556000069,1.31200000000,
-0.03551999852,1.31200000000,
-0.03548000008,1.31200000000,
-0.03543999791,1.31200000000,
-0.03539999947,1.31200000000,
-0.03536000103,1.31200000000,
-0.03531999886,1.31200000000,
-0.03528000042,1.30400000000,
-0.03523999825,1.31200000000,
-0.03519999981,1.31200000000,
-0.03515999764,1.31200000000,
-0.03511999920,1.31200000000,
-0.03508000076,1.30400000000,
-0.03503999859,1.31200000000,
-0.03500000015,1.31200000000,
-0.03495999798,1.31200000000,
-0.03491999954,1.31200000000,
-0.03487999737,1.30400000000,
-0.03483999893,1.30400000000,
-0.03480000049,1.30400000000,
-0.03475999832,1.30400000000,
-0.03471999988,1.31200000000,
-0.03467999771,1.30400000000,
-0.03463999927,1.30400000000,
-0.03460000083,1.31200000000,
-0.03455999866,1.31200000000,
-0.03452000022,1.30400000000,
-0.03447999805,1.31200000000,
-0.03443999961,1.30400000000,
-0.03439999744,1.30400000000,
-0.03435999900,1.30400000000,
-0.03432000056,1.31200000000,
-0.03427999839,1.31200000000,
-0.03423999995,1.30400000000,
-0.03419999778,1.30400000000,
-0.03415999934,1.30400000000,
-0.03412000090,1.31200000000,
-0.03407999873,1.31200000000,
-0.03404000029,1.30400000000,
-0.03399999812,1.30400000000,
-0.03395999968,1.31200000000,
-0.03391999751,1.30400000000,
-0.03387999907,1.31200000000,
-0.03384000063,1.31200000000,
-0.03379999846,1.30400000000,
-0.03376000002,1.30400000000,
-0.03371999785,1.30400000000,
-0.03367999941,1.30400000000,
-0.03364000097,1.30400000000,
-0.03359999880,1.30400000000,
-0.03356000036,1.31200000000,
-0.03351999819,1.30400000000,
-0.03347999975,1.30400000000,
-0.03343999758,1.30400000000,
-0.03339999914,1.30400000000,
-0.03336000070,1.31200000000,
-0.03331999853,1.31200000000,
-0.03328000009,1.31200000000,
-0.03323999792,1.30400000000,
-0.03319999948,1.30400000000,
-0.03316000104,1.31200000000,
-0.03311999887,1.31200000000,
-0.03308000043,1.31200000000,
-0.03303999826,1.31200000000,
-0.03299999982,1.31200000000,
-0.03295999765,1.31200000000,
-0.03291999921,1.30400000000,
-0.03288000077,1.31200000000,
-0.03283999860,1.30400000000,
-0.03280000016,1.31200000000,
-0.03275999799,1.31200000000,
-0.03271999955,1.31200000000,
-0.03268000111,1.31200000000,
-0.03263999894,1.31200000000,
-0.03260000050,1.31200000000,
-0.03255999833,1.31200000000,
-0.03251999989,1.31200000000,
-0.03247999772,1.31200000000,
-0.03243999928,1.31200000000,
-0.03240000084,1.31200000000,
-0.03235999867,1.31200000000,
-0.03232000023,1.31200000000,
-0.03227999806,1.31200000000,
-0.03223999962,1.31200000000,
-0.03219999745,1.31200000000,
-0.03215999901,1.31200000000,
-0.03212000057,1.31200000000,
-0.03207999840,1.31200000000,
-0.03203999996,1.31200000000,
-0.03199999779,1.31200000000,
-0.03195999935,1.31200000000,
-0.03192000091,1.31200000000,
-0.03187999874,1.31200000000,
-0.03184000030,1.31200000000,
-0.03179999813,1.31200000000,
-0.03175999969,1.31200000000,
-0.03171999753,1.31200000000,
-0.03167999908,1.31200000000,
-0.03164000064,1.31200000000,
-0.03159999847,1.31200000000,
-0.03156000003,1.31200000000,
-0.03151999786,1.31200000000,
-0.03147999942,1.31200000000,
-0.03144000098,1.30400000000,
-0.03139999881,1.31200000000,
-0.03136000037,1.31200000000,
-0.03131999820,1.31200000000,
-0.03127999976,1.31200000000,
-0.03123999946,1.31200000000,
-0.03119999915,1.31200000000,
-0.03115999885,1.31200000000,
-0.03111999854,1.31200000000,
-0.03108000010,1.31200000000,
-0.03103999980,1.31200000000,
-0.03099999949,1.31200000000,
-0.03095999919,1.31200000000,
-0.03091999888,1.31200000000,
-0.03087999858,1.32000010000,
-0.03084000014,1.32000010000,
-0.03079999983,1.31200000000,
-0.03075999953,1.31200000000,
-0.03071999922,1.31200000000,
-0.03067999892,1.31200000000,
-0.03063999861,1.31200000000,
-0.03060000017,1.31200000000,
-0.03055999987,1.31200000000,
-0.03051999956,1.32000010000,
-0.03047999926,1.32000010000,
-0.03043999895,1.31200000000,
-0.03039999865,1.32000010000,
-0.03036000021,1.31200000000,
-0.03031999990,1.32000010000,
-0.03027999960,1.32000010000,
-0.03023999929,1.31200000000,
-0.03019999899,1.31200000000,
-0.03015999869,1.32000010000,
-0.03012000024,1.31200000000,
-0.03007999994,1.32000010000,
-0.03003999963,1.31200000000,
-0.02999999933,1.32000010000,
-0.02995999902,1.32000010000,
-0.02991999872,1.32000010000,
-0.02988000028,1.32000010000,
-0.02983999997,1.31200000000,
-0.02979999967,1.32000010000,
-0.02975999936,1.32000010000,
-0.02971999906,1.32000010000,
-0.02967999876,1.32000010000,
-0.02963999845,1.32000010000,
-0.02960000001,1.31200000000,
-0.02955999970,1.32000010000,
-0.02951999940,1.32000010000,
-0.02947999910,1.32000010000,
-0.02943999879,1.32000010000,
-0.02939999849,1.32000010000,
-0.02936000004,1.32000010000,
-0.02931999974,1.31200000000,
-0.02927999943,1.32000010000,
-0.02923999913,1.32000010000,
-0.02919999883,1.32000010000,
-0.02915999852,1.32000010000,
-0.02912000008,1.32000010000,
-0.02907999977,1.32000010000,
-0.02903999947,1.32000010000,
-0.02899999917,1.32000010000,
-0.02895999886,1.32000010000,
-0.02891999856,1.32000010000,
-0.02888000011,1.32000010000,
-0.02883999981,1.32000010000,
-0.02879999951,1.32000010000,
-0.02875999920,1.32000010000,
-0.02871999890,1.32800010000,
-0.02867999859,1.32000010000,
-0.02864000015,1.32000010000,
-0.02859999985,1.32000010000,
-0.02855999954,1.32000010000,
-0.02851999924,1.32000010000,
-0.02847999893,1.32000010000,
-0.02843999863,1.32000010000,
-0.02840000018,1.32000010000,
-0.02835999988,1.32000010000,
-0.02831999958,1.32000010000,
-0.02827999927,1.32000010000,
-0.02823999897,1.32000010000,
-0.02819999866,1.32000010000,
-0.02816000022,1.32000010000,
-0.02811999992,1.32000010000,
-0.02807999961,1.32000010000,
-0.02803999931,1.32800010000,
-0.02799999900,1.32000010000,
-0.02795999870,1.32000010000,
-0.02792000026,1.32000010000,
-0.02787999995,1.32000010000,
-0.02783999965,1.32000010000,
-0.02779999934,1.32000010000,
-0.02775999904,1.32000010000,
-0.02771999873,1.32000010000,
-0.02768000029,1.32000010000,
-0.02763999999,1.32000010000,
-0.02759999968,1.32000010000,
-0.02755999938,1.32800010000,
-0.02751999907,1.32800010000,
-0.02747999877,1.32800010000,
-0.02744000033,1.32000010000,
-0.02740000002,1.32000010000,
-0.02735999972,1.32000010000,
-0.02731999941,1.32800010000,
-0.02727999911,1.32000010000,
-0.02723999880,1.32800010000,
-0.02719999850,1.32000010000,
-0.02716000006,1.32800010000,
-0.02711999975,1.32800010000,
-0.02707999945,1.32800010000,
-0.02703999914,1.32800010000,
-0.02699999884,1.32800010000,
-0.02695999853,1.32800010000,
-0.02692000009,1.32800010000,
-0.02687999979,1.32000010000,
-0.02683999948,1.32000010000,
-0.02679999918,1.32800010000,
-0.02675999887,1.32800010000,
-0.02671999857,1.32800010000,
-0.02668000013,1.32800010000,
-0.02663999982,1.32000010000,
-0.02659999952,1.32000010000,
-0.02655999921,1.32800010000,
-0.02651999891,1.32800010000,
-0.02647999860,1.32800010000,
-0.02644000016,1.32800010000,
-0.02639999986,1.32000010000,
-0.02635999955,1.32800010000,
-0.02631999925,1.32800010000,
-0.02627999894,1.32800010000,
-0.02623999864,1.32800010000,
-0.02620000020,1.32800010000,
-0.02615999989,1.32800010000,
-0.02611999959,1.32800010000,
-0.02607999928,1.32800010000,
-0.02603999898,1.32800010000,
-0.02599999867,1.32800010000,
-0.02596000023,1.32800010000,
-0.02591999993,1.32800010000,
-0.02587999962,1.32800010000,
-0.02583999932,1.32000010000,
-0.02579999901,1.32800010000,
-0.02575999871,1.32800010000,
-0.02572000027,1.32800010000,
-0.02567999996,1.32800010000,
-0.02563999966,1.32800010000,
-0.02559999935,1.32800010000,
-0.02555999905,1.32800010000,
-0.02551999874,1.32800010000,
-0.02548000030,1.32800010000,
-0.02544000000,1.32800010000,
-0.02539999969,1.32800010000,
-0.02535999939,1.32800010000,
-0.02531999908,1.32800010000,
-0.02527999878,1.32800010000,
-0.02524000034,1.32800010000,
-0.02520000003,1.32800010000,
-0.02515999973,1.32800010000,
-0.02511999942,1.32800010000,
-0.02507999912,1.32800010000,
-0.02503999881,1.32800010000,
-0.02500000037,1.32800010000,
-0.02496000007,1.32800010000,
-0.02491999976,1.32800010000,
-0.02487999946,1.32800010000,
-0.02483999915,1.32800010000,
-0.02479999885,1.32800010000,
-0.02476000041,1.32800010000,
-0.02472000010,1.32800010000,
-0.02467999980,1.32800010000,
-0.02463999949,1.32800010000,
-0.02459999919,1.32800010000,
-0.02455999888,1.32800010000,
-0.02451999858,1.32000010000,
-0.02448000014,1.32800010000,
-0.02443999983,1.32000010000,
-0.02439999953,1.32000010000,
-0.02435999922,1.32800010000,
-0.02431999892,1.32800010000,
-0.02427999862,1.32800010000,
-0.02424000017,1.32000010000,
-0.02419999987,1.32000010000,
-0.02415999956,1.32800010000,
-0.02411999926,1.32000010000,
-0.02407999896,1.32000010000,
-0.02403999865,1.32000010000,
-0.02400000021,1.32000010000,
-0.02395999990,1.32800010000,
-0.02391999960,1.32800010000,
-0.02387999929,1.32000010000,
-0.02383999899,1.32800010000,
-0.02379999869,1.32000010000,
-0.02376000024,1.32000010000,
-0.02371999994,1.32000010000,
-0.02367999963,1.32000010000,
-0.02363999933,1.32000010000,
-0.02359999903,1.32000010000,
-0.02355999872,1.32000010000,
-0.02352000028,1.32000010000,
-0.02347999997,1.32000010000,
-0.02343999967,1.32000010000,
-0.02339999937,1.32000010000,
-0.02335999906,1.32000010000,
-0.02331999876,1.32000010000,
-0.02328000031,1.32000010000,
-0.02324000001,1.32000010000,
-0.02319999970,1.32000010000,
-0.02315999940,1.32000010000,
-0.02311999910,1.32000010000,
-0.02307999879,1.32000010000,
-0.02304000035,1.32000010000,
-0.02300000004,1.32000010000,
-0.02295999974,1.32000010000,
-0.02291999944,1.31200000000,
-0.02287999913,1.31200000000,
-0.02283999883,1.31200000000,
-0.02280000038,1.31200000000,
-0.02276000008,1.32000010000,
-0.02271999978,1.32000010000,
-0.02267999947,1.31200000000,
-0.02263999917,1.31200000000,
-0.02259999886,1.31200000000,
-0.02256000042,1.32000010000,
-0.02252000012,1.31200000000,
-0.02247999981,1.31200000000,
-0.02243999951,1.31200000000,
-0.02239999920,1.31200000000,
-0.02235999890,1.31200000000,
-0.02232000045,1.31200000000,
-0.02228000015,1.31200000000,
-0.02223999985,1.31200000000,
-0.02219999954,1.31200000000,
-0.02215999924,1.31200000000,
-0.02211999893,1.31200000000,
-0.02208000049,1.30400000000,
-0.02204000019,1.31200000000,
-0.02199999988,1.31200000000,
-0.02195999958,1.31200000000,
-0.02191999927,1.30400000000,
-0.02187999897,1.30400000000,
-0.02183999866,1.30400000000,
-0.02180000022,1.30400000000,
-0.02175999992,1.30400000000,
-0.02171999961,1.30400000000,
-0.02167999931,1.30400000000,
-0.02163999900,1.30400000000,
-0.02159999870,1.30400000000,
-0.02156000026,1.30400000000,
-0.02151999995,1.30400000000,
-0.02147999965,1.30400000000,
-0.02143999934,1.30400000000,
-0.02139999904,1.30400000000,
-0.02135999873,1.30400000000,
-0.02132000029,1.30400000000,
-0.02127999999,1.30400000000,
-0.02123999968,1.30400000000,
-0.02119999938,1.30400000000,
-0.02115999907,1.30400000000,
-0.02111999877,1.30400000000,
-0.02108000033,1.30400000000,
-0.02104000002,1.30400000000,
-0.02099999972,1.30400000000,
-0.02095999941,1.30400000000,
-0.02091999911,1.30400000000,
-0.02087999880,1.30400000000,
-0.02084000036,1.30400000000,
-0.02080000006,1.30400000000,
-0.02075999975,1.30400000000,
-0.02071999945,1.30400000000,
-0.02067999914,1.30400000000,
-0.02063999884,1.30400000000,
-0.02060000040,1.30400000000,
-0.02056000009,1.30400000000,
-0.02051999979,1.30400000000,
-0.02047999948,1.30400000000,
-0.02043999918,1.30400000000,
-0.02039999887,1.30400000000,
-0.02036000043,1.30400000000,
-0.02032000013,1.30400000000,
-0.02027999982,1.30400000000,
-0.02023999952,1.30400000000,
-0.02019999921,1.30400000000,
-0.02015999891,1.30400000000,
-0.02012000047,1.30400000000,
-0.02008000020,1.30400000000,
-0.02003999990,1.30400000000,
-0.01999999960,1.30400000000,
-0.01995999920,1.30400000000,
-0.01991999890,1.30400000000,
-0.01988000050,1.30400000000,
-0.01984000020,1.30400000000,
-0.01979999990,1.30400000000,
-0.01975999960,1.30400000000,
-0.01971999930,1.30400000000,
-0.01967999900,1.30400000000,
-0.01964000050,1.30400000000,
-0.01960000020,1.30400000000,
-0.01955999990,1.30400000000,
-0.01951999960,1.30400000000,
-0.01947999930,1.30400000000,
-0.01943999900,1.30400000000,
-0.01939999870,1.30400000000,
-0.01936000030,1.30400000000,
-0.01932000000,1.30400000000,
-0.01927999970,1.31200000000,
-0.01923999940,1.31200000000,
-0.01919999900,1.31200000000,
-0.01915999870,1.31200000000,
-0.01912000030,1.31200000000,
-0.01908000000,1.31200000000,
-0.01903999970,1.31200000000,
-0.01899999940,1.31200000000,
-0.01895999910,1.31200000000,
-0.01891999880,1.31200000000,
-0.01888000030,1.31200000000,
-0.01884000000,1.32000010000,
-0.01879999970,1.31200000000,
-0.01875999940,1.31200000000,
-0.01871999910,1.32000010000,
-0.01867999880,1.32000010000,
-0.01864000040,1.31200000000,
-0.01860000010,1.32000010000,
-0.01855999980,1.32000010000,
-0.01851999950,1.32000010000,
-0.01847999920,1.32000010000,
-0.01843999890,1.32000010000,
-0.01840000040,1.32000010000,
-0.01836000010,1.32000010000,
-0.01831999980,1.32000010000,
-0.01827999950,1.32800010000,
-0.01823999920,1.32000010000,
-0.01819999890,1.32800010000,
-0.01816000040,1.32800010000,
-0.01812000010,1.32000010000,
-0.01807999980,1.32800010000,
-0.01803999950,1.32800010000,
-0.01799999920,1.32800010000,
-0.01795999890,1.32800010000,
-0.01792000050,1.32800010000,
-0.01788000020,1.32800010000,
-0.01783999990,1.32800010000,
-0.01779999960,1.32800010000,
-0.01775999930,1.32800010000,
-0.01771999900,1.32800010000,
-0.01768000050,1.32800010000,
-0.01764000020,1.32800010000,
-0.01759999990,1.33600010000,
-0.01755999960,1.32800010000,
-0.01751999930,1.33600010000,
-0.01747999900,1.32800010000,
-0.01744000050,1.33600010000,
-0.01740000020,1.33600010000,
-0.01735999990,1.33600010000,
-0.01731999960,1.33600010000,
-0.01727999930,1.33600010000,
-0.01723999900,1.33600010000,
-0.01720000060,1.33600010000,
-0.01716000030,1.33600010000,
-0.01712000000,1.33600010000,
-0.01707999970,1.33600010000,
-0.01703999940,1.33600010000,
-0.01699999910,1.33600010000,
-0.01695999880,1.33600010000,
-0.01692000030,1.34400010000,
-0.01688000000,1.33600010000,
-0.01683999970,1.34400010000,
-0.01679999940,1.34400010000,
-0.01675999910,1.34400010000,
-0.01671999880,1.34400010000,
-0.01668000030,1.34400010000,
-0.01664000000,1.34400010000,
-0.01659999970,1.34400010000,
-0.01655999940,1.34400010000,
-0.01651999910,1.34400010000,
-0.01647999880,1.34400010000,
-0.01644000040,1.34400010000,
-0.01640000010,1.34400010000,
-0.01635999980,1.34400010000,
-0.01631999950,1.34400010000,
-0.01627999920,1.34400010000,
-0.01623999890,1.34400010000,
-0.01620000040,1.35200010000,
-0.01616000010,1.34400010000,
-0.01611999980,1.34400010000,
-0.01607999950,1.34400010000,
-0.01603999920,1.34400010000,
-0.01599999890,1.34400010000,
-0.01596000050,1.34400010000,
-0.01592000020,1.35200010000,
-0.01587999980,1.35200010000,
-0.01583999950,1.35200010000,
-0.01579999920,1.34400010000,
-0.01575999890,1.34400010000,
-0.01572000050,1.34400010000,
-0.01568000020,1.35200010000,
-0.01563999990,1.35200010000,
-0.01559999960,1.35200010000,
-0.01555999930,1.35200010000,
-0.01551999990,1.35200010000,
-0.01547999960,1.35200010000,
-0.01543999930,1.35200010000,
-0.01539999990,1.35200010000,
-0.01535999960,1.35200010000,
-0.01531999930,1.35200010000,
-0.01527999990,1.35200010000,
-0.01523999960,1.35200010000,
-0.01519999930,1.35200010000,
-0.01516000000,1.35200010000,
-0.01511999960,1.35200010000,
-0.01507999930,1.35200010000,
-0.01504000000,1.35200010000,
-0.01499999970,1.36000000000,
-0.01495999940,1.35200010000,
-0.01492000000,1.35200010000,
-0.01487999970,1.35200010000,
-0.01483999940,1.35200010000,
-0.01480000000,1.36000000000,
-0.01475999970,1.35200010000,
-0.01471999940,1.35200010000,
-0.01468000000,1.35200010000,
-0.01463999970,1.35200010000,
-0.01459999940,1.35200010000,
-0.01456000000,1.36000000000,
-0.01451999970,1.36000000000,
-0.01447999940,1.35200010000,
-0.01444000010,1.36000000000,
-0.01439999980,1.36000000000,
-0.01435999940,1.36000000000,
-0.01432000010,1.35200010000,
-0.01427999980,1.36000000000,
-0.01423999950,1.35200010000,
-0.01420000010,1.35200010000,
-0.01415999980,1.36000000000,
-0.01411999950,1.36000000000,
-0.01408000010,1.36000000000,
-0.01403999980,1.35200010000,
-0.01399999950,1.36000000000,
-0.01396000010,1.35200010000,
-0.01391999980,1.36000000000,
-0.01387999950,1.36000000000,
-0.01384000010,1.35200010000,
-0.01379999980,1.36000000000,
-0.01375999950,1.36000000000,
-0.01372000020,1.36000000000,
-0.01367999990,1.36000000000,
-0.01363999960,1.36000000000,
-0.01360000020,1.36000000000,
-0.01355999990,1.36000000000,
-0.01351999960,1.36000000000,
-0.01348000020,1.36000000000,
-0.01343999990,1.36000000000,
-0.01339999960,1.36000000000,
-0.01336000020,1.36000000000,
-0.01331999990,1.36000000000,
-0.01327999960,1.36000000000,
-0.01324000020,1.36000000000,
-0.01319999990,1.36000000000,
-0.01315999960,1.36000000000,
-0.01311999930,1.35200010000,
-0.01307999990,1.36000000000,
-0.01303999960,1.36000000000,
-0.01299999930,1.36000000000,
-0.01296000000,1.36000000000,
-0.01291999970,1.36000000000,
-0.01287999940,1.36000000000,
-0.01284000000,1.36000000000,
-0.01279999970,1.36000000000,
-0.01275999940,1.36000000000,
-0.01272000000,1.36000000000,
-0.01267999970,1.36000000000,
-0.01263999940,1.36000000000,
-0.01260000000,1.36000000000,
-0.01255999970,1.36000000000,
-0.01251999940,1.36000000000,
-0.01248000000,1.36000000000,
-0.01243999970,1.36000000000,
-0.01239999940,1.36000000000,
-0.01236000010,1.36000000000,
-0.01231999970,1.36000000000,
-0.01227999940,1.36000000000,
-0.01224000010,1.36000000000,
-0.01219999980,1.36000000000,
-0.01215999950,1.36000000000,
-0.01212000010,1.36000000000,
-0.01207999980,1.36800000000,
-0.01203999950,1.36000000000,
-0.01200000010,1.36000000000,
-0.01195999980,1.36000000000,
-0.01191999950,1.36000000000,
-0.01188000010,1.36000000000,
-0.01183999980,1.36000000000,
-0.01179999950,1.36000000000,
-0.01176000010,1.36000000000,
-0.01171999980,1.36000000000,
-0.01167999950,1.36000000000,
-0.01164000020,1.36000000000,
-0.01159999990,1.36800000000,
-0.01155999950,1.36000000000,
-0.01152000020,1.36000000000,
-0.01147999990,1.36000000000,
-0.01143999960,1.36000000000,
-0.01140000020,1.36000000000,
-0.01135999990,1.36000000000,
-0.01131999960,1.36800000000,
-0.01128000020,1.36000000000,
-0.01123999990,1.36000000000,
-0.01119999960,1.36000000000,
-0.01116000020,1.36000000000,
-0.01111999990,1.36800000000,
-0.01107999960,1.36000000000,
-0.01104000020,1.36800000000,
-0.01099999990,1.36000000000,
-0.01095999960,1.36000000000,
-0.01092000030,1.36000000000,
-0.01088000000,1.36000000000,
-0.01083999970,1.36800000000,
-0.01080000030,1.36000000000,
-0.01076000000,1.36000000000,
-0.01071999970,1.36000000000,
-0.01068000030,1.36000000000,
-0.01064000000,1.36800000000,
-0.01059999970,1.36800000000,
-0.01056000030,1.36000000000,
-0.01052000000,1.36800000000,
-0.01047999970,1.36800000000,
-0.01043999940,1.36800000000,
-0.01040000000,1.36800000000,
-0.01035999970,1.36800000000,
-0.01031999940,1.36800000000,
-0.01028000000,1.36800000000,
-0.01023999970,1.36800000000,
-0.01019999940,1.36800000000,
-0.01016000010,1.36800000000,
-0.01011999980,1.36800000000,
-0.01007999950,1.36800000000,
-0.01004000010,1.36800000000,
-0.00999999978,1.36800000000,
-0.00995999947,1.36800000000,
-0.00992000010,1.36800000000,
-0.00987999979,1.36000000000,
-0.00983999949,1.36800000000,
-0.00980000012,1.36800000000,
-0.00975999981,1.36800000000,
-0.00971999951,1.36800000000,
-0.00968000013,1.36800000000,
-0.00963999983,1.36800000000,
-0.00959999953,1.37600000000,
-0.00956000015,1.36800000000,
-0.00951999985,1.36800000000,
-0.00947999954,1.36800000000,
-0.00944000017,1.36800000000,
-0.00939999986,1.36800000000,
-0.00935999956,1.36800000000,
-0.00932000019,1.36800000000,
-0.00927999988,1.36800000000,
-0.00923999958,1.36800000000,
-0.00920000020,1.36800000000,
-0.00915999990,1.37600000000,
-0.00911999960,1.36800000000,
-0.00908000022,1.36800000000,
-0.00903999992,1.36800000000,
-0.00899999961,1.36800000000,
-0.00896000024,1.36800000000,
-0.00891999994,1.36800000000,
-0.00887999963,1.36800000000,
-0.00884000026,1.36800000000,
-0.00879999995,1.36800000000,
-0.00875999965,1.36800000000,
-0.00872000027,1.36800000000,
-0.00867999997,1.36800000000,
-0.00863999967,1.37600000000,
-0.00860000029,1.36800000000,
-0.00855999999,1.36800000000,
-0.00851999968,1.36800000000,
-0.00848000031,1.37600000000,
-0.00844000001,1.36800000000,
-0.00839999970,1.36800000000,
-0.00836000033,1.36800000000,
-0.00832000002,1.37600000000,
-0.00827999972,1.36800000000,
-0.00824000035,1.36800000000,
-0.00820000004,1.36800000000,
-0.00815999974,1.37600000000,
-0.00812000036,1.36800000000,
-0.00808000006,1.37600000000,
-0.00803999975,1.36800000000,
-0.00799999945,1.36800000000,
-0.00796000008,1.37600000000,
-0.00791999977,1.36800000000,
-0.00787999947,1.36800000000,
-0.00784000009,1.36800000000,
-0.00779999979,1.36800000000,
-0.00775999995,1.36800000000,
-0.00772000011,1.36800000000,
-0.00767999981,1.37600000000,
-0.00763999997,1.37600000000,
-0.00760000013,1.37600000000,
-0.00755999982,1.37600000000,
-0.00751999999,1.37600000000,
-0.00748000015,1.37600000000,
-0.00743999984,1.37600000000,
-0.00740000000,1.37600000000,
-0.00736000016,1.36800000000,
-0.00731999986,1.37600000000,
-0.00728000002,1.36800000000,
-0.00723999972,1.37600000000,
-0.00719999988,1.37600000000,
-0.00716000004,1.37600000000,
-0.00711999973,1.37600000000,
-0.00707999989,1.37600000000,
-0.00704000005,1.37600000000,
-0.00699999975,1.36800000000,
-0.00695999991,1.37600000000,
-0.00692000007,1.37600000000,
-0.00687999977,1.36800000000,
-0.00683999993,1.37600000000,
-0.00680000009,1.36800000000,
-0.00675999979,1.37600000000,
-0.00671999995,1.37600000000,
-0.00668000011,1.37600000000,
-0.00663999980,1.37600000000,
-0.00659999996,1.36800000000,
-0.00656000013,1.36800000000,
-0.00651999982,1.37600000000,
-0.00647999998,1.37600000000,
-0.00644000014,1.37600000000,
-0.00639999984,1.37600000000,
-0.00636000000,1.36800000000,
-0.00632000016,1.37600000000,
-0.00627999986,1.36800000000,
-0.00624000002,1.37600000000,
-0.00620000018,1.36800000000,
-0.00615999987,1.37600000000,
-0.00612000003,1.37600000000,
-0.00607999973,1.36800000000,
-0.00603999989,1.36800000000,
-0.00600000005,1.36800000000,
-0.00595999975,1.36800000000,
-0.00591999991,1.36800000000,
-0.00588000007,1.36800000000,
-0.00583999977,1.36800000000,
-0.00579999993,1.36800000000,
-0.00576000009,1.37600000000,
-0.00571999978,1.36800000000,
-0.00567999994,1.36800000000,
-0.00564000010,1.37600000000,
-0.00559999980,1.36800000000,
-0.00555999996,1.36800000000,
-0.00552000012,1.36800000000,
-0.00547999982,1.36800000000,
-0.00543999998,1.36800000000,
-0.00540000014,1.36800000000,
-0.00535999984,1.37600000000,
-0.00532000000,1.36800000000,
-0.00528000016,1.36800000000,
-0.00523999985,1.36800000000,
-0.00520000001,1.36800000000,
-0.00516000018,1.36800000000,
-0.00511999987,1.36800000000,
-0.00508000003,1.36800000000,
-0.00504000019,1.36800000000,
-0.00499999989,1.36000000000,
-0.00496000005,1.36000000000,
-0.00492000021,1.36000000000,
-0.00487999991,1.36800000000,
-0.00484000007,1.36000000000,
-0.00480000023,1.36000000000,
-0.00475999992,1.36000000000,
-0.00472000008,1.36000000000,
-0.00467999978,1.36000000000,
-0.00463999994,1.36000000000,
-0.00460000010,1.36000000000,
-0.00455999980,1.36000000000,
-0.00451999996,1.36000000000,
-0.00448000012,1.36000000000,
-0.00443999982,1.36000000000,
-0.00439999998,1.36000000000,
-0.00436000014,1.35200010000,
-0.00431999983,1.35200010000,
-0.00427999999,1.36000000000,
-0.00424000015,1.35200010000,
-0.00419999985,1.36000000000,
-0.00416000001,1.35200010000,
-0.00412000017,1.35200010000,
-0.00407999987,1.35200010000,
-0.00404000003,1.34400010000,
-0.00400000019,1.34400010000,
-0.00395999989,1.34400010000,
-0.00392000005,1.34400010000,
-0.00387999997,1.34400010000,
-0.00383999990,1.34400010000,
-0.00380000006,1.34400010000,
-0.00375999999,1.34400010000,
-0.00371999992,1.34400010000,
-0.00368000008,1.34400010000,
-0.00364000001,1.34400010000,
-0.00359999994,1.33600010000,
-0.00356000010,1.33600010000,
-0.00352000003,1.33600010000,
-0.00347999996,1.32800010000,
-0.00344000012,1.32800010000,
-0.00340000005,1.32800010000,
-0.00335999997,1.32800010000,
-0.00332000013,1.32800010000,
-0.00328000006,1.32800010000,
-0.00323999999,1.32800010000,
-0.00320000015,1.32800010000,
-0.00316000008,1.32800010000,
-0.00312000001,1.32800010000,
-0.00307999994,1.32800010000,
-0.00304000010,1.32000010000,
-0.00300000003,1.31200000000,
-0.00295999995,1.32000010000,
-0.00292000012,1.32000010000,
-0.00288000004,1.31200000000,
-0.00283999997,1.32000010000,
-0.00280000013,1.31200000000,
-0.00276000006,1.31200000000,
-0.00271999999,1.31200000000,
-0.00268000020,1.30400000000,
-0.00264000010,1.30400000000,
-0.00260000000,1.30400000000,
-0.00255999990,1.30400000000,
-0.00252000010,1.30400000000,
-0.00248000000,1.30400000000,
-0.00244000000,1.30400000000,
-0.00240000010,1.30400000000,
-0.00236000000,1.30400000000,
-0.00232000000,1.29600000000,
-0.00228000010,1.29600000000,
-0.00224000010,1.29600000000,
-0.00220000000,1.29600000000,
-0.00216000010,1.29600000000,
-0.00212000010,1.28800010000,
-0.00208000000,1.28800010000,
-0.00204000020,1.28800010000,
-0.00200000010,1.28800010000,
-0.00196000000,1.28800010000,
-0.00192000010,1.28800010000,
-0.00188000010,1.28800010000,
-0.00184000000,1.28800010000,
-0.00180000010,1.28000010000,
-0.00176000010,1.28800010000,
-0.00172000010,1.28000010000,
-0.00168000010,1.28000010000,
-0.00164000000,1.28800010000,
-0.00160000010,1.28000010000,
-0.00156000010,1.28000010000,
-0.00152000000,1.28000010000,
-0.00148000010,1.28000010000,
-0.00144000000,1.28000010000,
-0.00140000010,1.28000010000,
-0.00136000010,1.28800010000,
-0.00132000000,1.28000010000,
-0.00128000010,1.28000010000,
-0.00124000010,1.28000010000,
-0.00120000010,1.28800010000,
-0.00116000010,1.28800010000,
-0.00112000010,1.28000010000,
-0.00108000010,1.28000010000,
-0.00104000010,1.28000010000,
-0.00100000000,1.28000010000,
-0.00096000009,1.28000010000,
-0.00092000008,1.28800010000,
-0.00088000007,1.28800010000,
-0.00084000011,1.28000010000,
-0.00080000010,1.28800010000,
-0.00076000008,1.28000010000,
-0.00072000013,1.28800010000,
-0.00068000011,1.28000010000,
-0.00064000010,1.28000010000,
-0.00060000009,1.28000010000,
-0.00056000007,1.28000010000,
-0.00052000012,1.28000010000,
-0.00048000010,1.28800010000,
-0.00044000009,1.28800010000,
-0.00040000011,1.28800010000,
-0.00036000012,1.28800010000,
-0.00032000011,1.28800010000,
-0.00028000009,1.28800010000,
-0.00024000011,1.28800010000,
-0.00020000011,1.28800010000,
-0.00016000011,1.28800010000,
-0.00012000011,1.28800010000,
-0.00008000011,1.29600000000,
-0.00004000012,1.29600000000,
-0.00000000012,1.28800010000,
0.00003999988,1.29600000000,
0.00007999988,1.29600000000,
0.00011999988,1.29600000000,
0.00015999988,1.29600000000,
0.00019999988,1.29600000000,
0.00023999988,1.30400000000,
0.00027999986,1.30400000000,
0.00031999988,1.30400000000,
0.00035999989,1.30400000000,
0.00039999987,1.30400000000,
0.00043999986,1.31200000000,
0.00047999987,1.30400000000,
0.00051999989,1.31200000000,
0.00055999984,1.31200000000,
0.00059999985,1.31200000000,
0.00063999987,1.32000010000,
0.00067999988,1.32000010000,
0.00071999989,1.32000010000,
0.00075999985,1.32000010000,
0.00079999986,1.32800010000,
0.00083999988,1.32800010000,
0.00087999983,1.32800010000,
0.00091999985,1.32800010000,
0.00095999986,1.32800010000,
0.00099999981,1.32800010000,
0.00103999990,1.32800010000,
0.00107999980,1.33600010000,
0.00111999990,1.32800010000,
0.00115999990,1.33600010000,
0.00119999980,1.33600010000,
0.00123999990,1.33600010000,
0.00127999990,1.34400010000,
0.00131999980,1.34400010000,
0.00135999990,1.34400010000,
0.00139999980,1.34400010000,
0.00143999980,1.34400010000,
0.00147999990,1.34400010000,
0.00151999980,1.34400010000,
0.00155999990,1.35200010000,
0.00159999980,1.35200010000,
0.00163999980,1.36000000000,
0.00167999990,1.35200010000,
0.00171999980,1.35200010000,
0.00175999990,1.35200010000,
0.00179999990,1.36000000000,
0.00183999980,1.36000000000,
0.00187999990,1.36000000000,
0.00191999980,1.36000000000,
0.00195999980,1.36000000000,
0.00199999990,1.36800000000,
0.00203999990,1.36000000000,
0.00207999980,1.36000000000,
0.00211999980,1.36800000000,
0.00215999990,1.36800000000,
0.00219999980,1.36800000000,
0.00223999980,1.36800000000,
0.00227999990,1.36800000000,
0.00231999970,1.37600000000,
0.00235999980,1.37600000000,
0.00239999990,1.37600000000,
0.00243999970,1.37600000000,
0.00247999980,1.37600000000,
0.00251999990,1.37600000000,
0.00255999990,1.37600000000,
0.00259999980,1.37600000000,
0.00263999980,1.37600000000,
0.00267999990,1.38400010000,
0.00271999976,1.38400010000,
0.00275999983,1.38400010000,
0.00279999990,1.38400010000,
0.00283999974,1.38400010000,
0.00287999981,1.38400010000,
0.00291999988,1.38400010000,
0.00295999972,1.38400010000,
0.00299999979,1.39200010000,
0.00303999986,1.39200010000,
0.00307999970,1.39200010000,
0.00311999978,1.39200010000,
0.00315999985,1.39200010000,
0.00319999969,1.38400010000,
0.00323999976,1.39200010000,
0.00327999983,1.39200010000,
0.00331999990,1.39200010000,
0.00335999974,1.39200010000,
0.00339999981,1.39200010000,
0.00343999988,1.39200010000,
0.00347999972,1.39200010000,
0.00351999979,1.39200010000,
0.00355999987,1.39200010000,
0.00359999971,1.39200010000,
0.00363999978,1.39200010000,
0.00367999985,1.40000010000,
0.00371999969,1.39200010000,
0.00375999976,1.39200010000,
0.00379999983,1.40000010000,
0.00383999990,1.40000010000,
0.00387999974,1.40000010000,
0.00391999958,1.39200010000,
0.00395999989,1.39200010000,
0.00399999972,1.40000010000,
0.00403999956,1.40000010000,
0.00407999987,1.39200010000,
0.00411999971,1.40000010000,
0.00416000001,1.40000010000,
0.00419999985,1.39200010000,
0.00423999969,1.40000010000,
0.00427999999,1.40000010000,
0.00431999983,1.40000010000,
0.00435999967,1.39200010000,
0.00439999998,1.40000010000,
0.00443999982,1.40000010000,
0.00447999965,1.40000010000,
0.00451999996,1.39200010000,
0.00455999980,1.40000010000,
0.00459999964,1.40000010000,
0.00463999994,1.40000010000,
0.00467999978,1.40000010000,
0.00471999962,1.40000010000,
0.00475999992,1.40000010000,
0.00479999976,1.40000010000,
0.00483999960,1.40000010000,
0.00487999991,1.40000010000,
0.00491999974,1.40000010000,
0.00495999958,1.40000010000,
0.00499999989,1.40800010000,
0.00503999973,1.40000010000,
0.00507999957,1.40000010000,
0.00511999987,1.40800010000,
0.00515999971,1.40000010000,
0.00519999955,1.40000010000,
0.00523999985,1.40000010000,
0.00527999969,1.40000010000,
0.00531999953,1.40800010000,
0.00535999984,1.40800010000,
0.00539999967,1.40800010000,
0.00543999951,1.40800010000,
0.00547999982,1.40000010000,
0.00551999966,1.40800010000,
0.00555999996,1.40800010000,
0.00559999980,1.40800010000,
0.00563999964,1.40800010000,
0.00567999994,1.40800010000,
0.00571999978,1.40800010000,
0.00575999962,1.40800010000,
0.00579999993,1.40800010000,
0.00583999977,1.40800010000,
0.00587999960,1.40800010000,
0.00591999991,1.40800010000,
0.00595999975,1.40800010000,
0.00599999959,1.40800010000,
0.00603999989,1.40000010000,
0.00607999973,1.40800010000,
0.00611999957,1.40800010000,
0.00615999987,1.40800010000,
0.00619999971,1.40800010000,
0.00623999955,1.40800010000,
0.00627999986,1.40800010000,
0.00631999969,1.40800010000,
0.00635999953,1.40800010000,
0.00639999984,1.40800010000,
0.00643999968,1.40800010000,
0.00647999952,1.40800010000,
0.00651999982,1.40800010000,
0.00655999966,1.40800010000,
0.00659999950,1.40800010000,
0.00663999980,1.40800010000,
0.00667999964,1.40800010000,
0.00671999995,1.40800010000,
0.00675999979,1.40800010000,
0.00679999962,1.40800010000,
0.00683999993,1.40800010000,
0.00687999977,1.40800010000,
0.00691999961,1.40800010000,
0.00695999991,1.40800010000,
0.00699999975,1.40800010000,
0.00703999959,1.40800010000,
0.00707999989,1.40800010000,
0.00711999973,1.40800010000,
0.00715999957,1.40800010000,
0.00719999988,1.40800010000,
0.00723999972,1.40800010000,
0.00727999955,1.40800010000,
0.00731999986,1.41600000000,
0.00735999970,1.40800010000,
0.00739999954,1.40800010000,
0.00743999984,1.40800010000,
0.00747999968,1.40800010000,
0.00751999952,1.40800010000,
0.00755999982,1.41600000000,
0.00759999966,1.41600000000,
0.00763999950,1.40800010000,
0.00767999981,1.41600000000,
0.00771999965,1.40800010000,
0.00775999948,1.40800010000,
0.00779999979,1.40800010000,
0.00784000009,1.40800010000,
0.00787999947,1.41600000000,
0.00791999977,1.40800010000,
0.00796000008,1.41600000000,
0.00799999945,1.40800010000,
0.00803999975,1.40800010000,
0.00808000006,1.40800010000,
0.00811999943,1.41600000000,
0.00815999974,1.40800010000,
0.00820000004,1.41600000000,
0.00823999941,1.40800010000,
0.00827999972,1.41600000000,
0.00832000002,1.40800010000,
0.00835999940,1.40800010000,
0.00839999970,1.41600000000,
0.00844000001,1.40800010000,
0.00847999938,1.41600000000,
0.00851999968,1.41600000000,
0.00855999999,1.41600000000,
0.00859999936,1.41600000000,
0.00863999967,1.40800010000,
0.00867999997,1.41600000000,
0.00871999934,1.41600000000,
0.00875999965,1.41600000000,
0.00879999995,1.41600000000,
0.00883999933,1.41600000000,
0.00887999963,1.40800010000,
0.00891999994,1.41600000000,
0.00895999931,1.41600000000,
0.00899999961,1.41600000000,
0.00903999992,1.41600000000,
0.00907999929,1.41600000000,
0.00911999960,1.41600000000,
0.00915999990,1.40800010000,
0.00919999927,1.41600000000,
0.00923999958,1.41600000000,
0.00927999988,1.41600000000,
0.00931999926,1.41600000000,
0.00935999956,1.41600000000,
0.00939999986,1.41600000000,
0.00943999924,1.41600000000,
0.00947999954,1.41600000000,
0.00951999985,1.41600000000,
0.00955999922,1.41600000000,
0.00959999953,1.41600000000,
0.00963999983,1.41600000000,
0.00967999920,1.41600000000,
0.00971999951,1.41600000000,
0.00975999981,1.41600000000,
0.00979999919,1.41600000000,
0.00983999949,1.41600000000,
0.00987999979,1.41600000000,
0.00991999917,1.41600000000,
0.00995999947,1.41600000000,
0.00999999978,1.41600000000,
0.01004000010,1.41600000000,
0.01007999950,1.41600000000,
0.01011999980,1.41600000000,
0.01016000010,1.41600000000,
0.01019999940,1.41600000000,
0.01023999970,1.41600000000,
0.01028000000,1.41600000000,
0.01031999940,1.41600000000,
0.01035999970,1.41600000000,
0.01040000000,1.41600000000,
0.01043999940,1.41600000000,
0.01047999970,1.41600000000,
0.01052000000,1.41600000000,
0.01055999940,1.41600000000,
0.01059999970,1.41600000000,
0.01064000000,1.41600000000,
0.01067999940,1.42400000000,
0.01071999970,1.41600000000,
0.01076000000,1.41600000000,
0.01079999930,1.41600000000,
0.01083999970,1.41600000000,
0.01088000000,1.41600000000,
0.01091999930,1.41600000000,
0.01095999960,1.41600000000,
0.01099999990,1.41600000000,
0.01103999930,1.41600000000,
0.01107999960,1.41600000000,
0.01111999990,1.41600000000,
0.01115999930,1.41600000000,
0.01119999960,1.41600000000,
0.01123999990,1.41600000000,
0.01127999930,1.41600000000,
0.01131999960,1.41600000000,
0.01135999990,1.41600000000,
0.01139999930,1.41600000000,
0.01143999960,1.41600000000,
0.01147999990,1.41600000000,
0.01151999920,1.41600000000,
0.01155999950,1.41600000000,
0.01159999990,1.41600000000,
0.01163999920,1.41600000000,
0.01167999950,1.41600000000,
0.01171999980,1.41600000000,
0.01175999920,1.41600000000,
0.01179999950,1.41600000000,
0.01183999980,1.41600000000,
0.01187999920,1.41600000000,
0.01191999950,1.41600000000,
0.01195999980,1.41600000000,
0.01199999920,1.42400000000,
0.01203999950,1.41600000000,
0.01207999980,1.41600000000,
0.01211999920,1.41600000000,
0.01215999950,1.42400000000,
0.01219999980,1.42400000000,
0.01223999910,1.42400000000,
0.01227999940,1.42400000000,
0.01231999970,1.41600000000,
0.01235999910,1.41600000000,
0.01239999940,1.41600000000,
0.01243999970,1.41600000000,
0.01248000000,1.41600000000,
0.01251999940,1.42400000000,
0.01255999970,1.41600000000,
0.01260000000,1.41600000000,
0.01263999940,1.42400000000,
0.01267999970,1.41600000000,
0.01272000000,1.42400000000,
0.01275999940,1.42400000000,
0.01279999970,1.42400000000,
0.01284000000,1.42400000000,
0.01287999940,1.42400000000,
0.01291999970,1.42400000000,
0.01296000000,1.42400000000,
0.01299999930,1.42400000000,
0.01303999960,1.41600000000,
0.01307999990,1.42400000000,
0.01311999930,1.42400000000,
0.01315999960,1.41600000000,
0.01319999990,1.42400000000,
0.01323999930,1.42400000000,
0.01327999960,1.41600000000,
0.01331999990,1.42400000000,
0.01335999930,1.42400000000,
0.01339999960,1.42400000000,
0.01343999990,1.42400000000,
0.01347999930,1.42400000000,
0.01351999960,1.42400000000,
0.01355999990,1.42400000000,
0.01359999920,1.42400000000,
0.01363999960,1.42400000000,
0.01367999990,1.42400000000,
0.01371999920,1.42400000000,
0.01375999950,1.42400000000,
0.01379999980,1.42400000000,
0.01383999920,1.42400000000,
0.01387999950,1.42400000000,
0.01391999980,1.42400000000,
0.01395999920,1.42400000000,
0.01399999950,1.42400000000,
0.01403999980,1.42400000000,
0.01407999920,1.42400000000,
0.01411999950,1.41600000000,
0.01415999980,1.42400000000,
0.01419999920,1.42400000000,
0.01423999950,1.42400000000,
0.01427999980,1.42400000000,
0.01431999910,1.42400000000,
0.01435999940,1.42400000000,
0.01439999980,1.42400000000,
0.01443999910,1.42400000000,
0.01447999940,1.42400000000,
0.01451999970,1.42400000000,
0.01455999910,1.42400000000,
0.01459999940,1.42400000000,
0.01463999970,1.42400000000,
0.01467999910,1.42400000000,
0.01471999940,1.42400000000,
0.01475999970,1.42400000000,
0.01479999910,1.42400000000,
0.01483999940,1.42400000000,
0.01487999970,1.42400000000,
0.01491999910,1.42400000000,
0.01495999940,1.42400000000,
0.01499999970,1.42400000000,
0.01503999900,1.42400000000,
0.01507999930,1.42400000000,
0.01511999960,1.42400000000,
0.01516000000,1.42400000000,
0.01519999930,1.42400000000,
0.01523999960,1.42400000000,
0.01527999990,1.42400000000,
0.01531999930,1.42400000000,
0.01535999960,1.43200000000,
0.01539999990,1.42400000000,
0.01543999930,1.42400000000,
0.01547999960,1.42400000000,
0.01551999990,1.42400000000,
0.01555999930,1.42400000000,
0.01559999960,1.42400000000,
0.01563999990,1.42400000000,
0.01568000020,1.42400000000,
0.01571999860,1.41600000000,
0.01575999890,1.41600000000,
0.01579999920,1.41600000000,
0.01583999950,1.41600000000,
0.01587999980,1.42400000000,
0.01592000020,1.41600000000,
0.01595999860,1.42400000000,
0.01599999890,1.41600000000,
0.01603999920,1.41600000000,
0.01607999950,1.41600000000,
0.01611999980,1.41600000000,
0.01616000010,1.41600000000,
0.01619999860,1.41600000000,
0.01623999890,1.41600000000,
0.01627999920,1.41600000000,
0.01631999950,1.41600000000,
0.01635999980,1.41600000000,
0.01640000010,1.41600000000,
0.01644000040,1.41600000000,
0.01647999880,1.41600000000,
0.01651999910,1.41600000000,
0.01655999940,1.41600000000,
0.01659999970,1.41600000000,
0.01664000000,1.40800010000,
0.01668000030,1.40800010000,
0.01671999880,1.40800010000,
0.01675999910,1.40800010000,
0.01679999940,1.40800010000,
0.01683999970,1.40000010000,
0.01688000000,1.40000010000,
0.01692000030,1.40000010000,
0.01695999880,1.40000010000,
0.01699999910,1.40000010000,
0.01703999940,1.39200010000,
0.01707999970,1.39200010000,
0.01712000000,1.39200010000,
0.01716000030,1.39200010000,
0.01719999870,1.39200010000,
0.01723999900,1.38400010000,
0.01727999930,1.38400010000,
0.01731999960,1.38400010000,
0.01735999990,1.38400010000,
0.01740000020,1.37600000000,
0.01743999870,1.37600000000,
0.01747999900,1.37600000000,
0.01751999930,1.37600000000,
0.01755999960,1.36800000000,
0.01759999990,1.36800000000,
0.01764000020,1.36000000000,
0.01767999870,1.36000000000,
0.01771999900,1.36000000000,
0.01775999930,1.36000000000,
0.01779999960,1.36000000000,
0.01783999990,1.35200010000,
0.01788000020,1.34400010000,
0.01791999860,1.34400010000,
0.01795999890,1.34400010000,
0.01799999920,1.34400010000,
0.01803999950,1.33600010000,
0.01807999980,1.32800010000,
0.01812000010,1.32800010000,
0.01815999860,1.32800010000,
0.01819999890,1.32000010000,
0.01823999920,1.32000010000,
0.01827999950,1.32000010000,
0.01831999980,1.31200000000,
0.01836000010,1.31200000000,
0.01839999850,1.30400000000,
0.01843999890,1.30400000000,
0.01847999920,1.30400000000,
0.01851999950,1.29600000000,
0.01855999980,1.29600000000,
0.01860000010,1.28800010000,
0.01863999850,1.28800010000,
0.01867999880,1.28000010000,
0.01871999910,1.28000010000,
0.01875999940,1.27200010000,
0.01879999970,1.27200010000,
0.01884000000,1.27200010000,
0.01887999850,1.26400010000,
0.01891999880,1.25600000000,
0.01895999910,1.25600000000,
0.01899999940,1.24800000000,
0.01903999970,1.24800000000,
0.01908000000,1.24800000000,
0.01912000030,1.24000000000,
0.01915999870,1.23200010000,
0.01919999900,1.23200010000,
0.01923999940,1.23200010000,
0.01927999970,1.22400010000,
0.01932000000,1.22400010000,
0.01936000030,1.21600010000,
0.01939999870,1.21600010000,
0.01943999900,1.21600010000,
0.01947999930,1.20800010000,
0.01951999960,1.20800010000,
0.01955999990,1.20800010000,
0.01960000020,1.20800010000,
0.01963999870,1.20000000000,
0.01967999900,1.20000000000,
0.01971999930,1.19200000000,
0.01975999960,1.19200000000,
0.01979999990,1.19200000000,
0.01984000020,1.19200000000,
0.01987999860,1.18400000000,
0.01991999890,1.18400000000,
0.01995999920,1.18400000000,
0.01999999960,1.18400000000,
0.02003999990,1.17600000000,
0.02008000020,1.17600000000,
0.02011999860,1.17600000000,
0.02015999891,1.17600000000,
0.02019999921,1.17600000000,
0.02023999952,1.17600000000,
0.02027999982,1.17600000000,
0.02032000013,1.16800010000,
0.02035999857,1.16800010000,
0.02039999887,1.16800010000,
0.02043999918,1.16800010000,
0.02047999948,1.16800010000,
0.02051999979,1.17600000000,
0.02056000009,1.16800010000,
0.02059999853,1.17600000000,
0.02063999884,1.17600000000,
0.02067999914,1.17600000000,
0.02071999945,1.17600000000,
0.02075999975,1.17600000000,
0.02080000006,1.17600000000,
0.02083999850,1.17600000000,
0.02087999880,1.18400000000,
0.02091999911,1.18400000000,
0.02095999941,1.18400000000,
0.02099999972,1.19200000000,
0.02104000002,1.19200000000,
0.02107999846,1.19200000000,
0.02111999877,1.19200000000,
0.02115999907,1.19200000000,
0.02119999938,1.20000000000,
0.02123999968,1.20000000000,
0.02127999999,1.20000000000,
0.02131999843,1.20000000000,
0.02135999873,1.20000000000,
0.02139999904,1.20000000000,
0.02143999934,1.20000000000,
0.02147999965,1.20000000000,
0.02151999995,1.20800010000,
0.02156000026,1.20800010000,
0.02159999870,1.20800010000,
0.02163999900,1.20800010000,
0.02167999931,1.21600010000,
0.02171999961,1.21600010000,
0.02175999992,1.21600010000,
0.02180000022,1.21600010000,
0.02183999866,1.22400010000,
0.02187999897,1.22400010000,
0.02191999927,1.22400010000,
0.02195999958,1.23200010000,
0.02199999988,1.23200010000,
0.02204000019,1.24000000000,
0.02207999863,1.24800000000,
0.02211999893,1.24800000000,
0.02215999924,1.24800000000,
0.02219999954,1.24800000000,
0.02223999985,1.25600000000,
0.02228000015,1.25600000000,
0.02231999859,1.26400010000,
0.02235999890,1.26400010000,
0.02239999920,1.27200010000,
0.02243999951,1.27200010000,
0.02247999981,1.27200010000,
0.02252000012,1.28000010000,
0.02255999856,1.28000010000,
0.02259999886,1.28800010000,
0.02263999917,1.28800010000,
0.02267999947,1.28800010000,
0.02271999978,1.29600000000,
0.02276000008,1.30400000000,
0.02279999852,1.30400000000,
0.02283999883,1.30400000000,
0.02287999913,1.31200000000,
0.02291999944,1.31200000000,
0.02295999974,1.32000010000,
0.02300000004,1.32000010000,
0.02303999849,1.32800010000,
0.02307999879,1.32800010000,
0.02311999910,1.32800010000,
0.02315999940,1.32800010000,
0.02319999970,1.33600010000,
0.02324000001,1.33600010000,
0.02327999845,1.34400010000,
0.02331999876,1.34400010000,
0.02335999906,1.35200010000,
0.02339999937,1.35200010000,
0.02343999967,1.35200010000,
0.02347999997,1.36000000000,
0.02351999842,1.36000000000,
0.02355999872,1.36000000000,
0.02359999903,1.36800000000,
0.02363999933,1.36800000000,
0.02367999963,1.36800000000,
0.02371999994,1.37600000000,
0.02375999838,1.37600000000,
0.02379999869,1.37600000000,
0.02383999899,1.38400010000,
0.02387999929,1.38400010000,
0.02391999960,1.39200010000,
0.02395999990,1.39200010000,
0.02400000021,1.39200010000,
0.02403999865,1.39200010000,
0.02407999896,1.39200010000,
0.02411999926,1.40000010000,
0.02415999956,1.40000010000,
0.02419999987,1.40000010000,
0.02424000017,1.40800010000,
0.02427999862,1.40800010000,
0.02431999892,1.40800010000,
0.02435999922,1.40800010000,
0.02439999953,1.40800010000,
0.02443999983,1.40800010000,
0.02448000014,1.41600000000,
0.02451999858,1.40800010000,
0.02455999888,1.41600000000,
0.02459999919,1.41600000000,
0.02463999949,1.41600000000,
0.02467999980,1.41600000000,
0.02472000010,1.41600000000,
0.02475999855,1.42400000000,
0.02479999885,1.41600000000,
0.02483999915,1.41600000000,
0.02487999946,1.41600000000,
0.02491999976,1.42400000000,
0.02496000007,1.41600000000,
0.02499999851,1.42400000000,
0.02503999881,1.42400000000,
0.02507999912,1.42400000000,
0.02511999942,1.42400000000,
0.02515999973,1.42400000000,
0.02520000003,1.42400000000,
0.02523999847,1.42400000000,
0.02527999878,1.41600000000,
0.02531999908,1.43200000000,
0.02535999939,1.42400000000,
0.02539999969,1.42400000000,
0.02544000000,1.42400000000,
0.02547999844,1.42400000000,
0.02551999874,1.42400000000,
0.02555999905,1.42400000000,
0.02559999935,1.42400000000,
0.02563999966,1.42400000000,
0.02567999996,1.42400000000,
0.02571999840,1.42400000000,
0.02575999871,1.42400000000,
0.02579999901,1.42400000000,
0.02583999932,1.42400000000,
0.02587999962,1.42400000000,
0.02591999993,1.41600000000,
0.02595999837,1.41600000000,
0.02599999867,1.41600000000,
0.02603999898,1.42400000000,
0.02607999928,1.41600000000,
0.02611999959,1.41600000000,
0.02615999989,1.41600000000,
0.02619999833,1.41600000000,
0.02623999864,1.41600000000,
0.02627999894,1.41600000000,
0.02631999925,1.41600000000,
0.02635999955,1.41600000000,
0.02639999986,1.41600000000,
0.02643999830,1.40800010000,
0.02647999860,1.40800010000,
0.02651999891,1.40800010000,
0.02655999921,1.40800010000,
0.02659999952,1.40800010000,
0.02663999982,1.40800010000,
0.02668000013,1.40800010000,
0.02671999857,1.40000010000,
0.02675999887,1.40000010000,
0.02679999918,1.40000010000,
0.02683999948,1.40000010000,
0.02687999979,1.39200010000,
0.02692000009,1.39200010000,
0.02695999853,1.39200010000,
0.02699999884,1.39200010000,
0.02703999914,1.39200010000,
0.02707999945,1.38400010000,
0.02711999975,1.38400010000,
0.02716000006,1.39200010000,
0.02719999850,1.37600000000,
0.02723999880,1.38400010000,
0.02727999911,1.37600000000,
0.02731999941,1.37600000000,
0.02735999972,1.36800000000,
0.02740000002,1.36800000000,
0.02743999846,1.36800000000,
0.02747999877,1.36800000000,
0.02751999907,1.36800000000,
0.02755999938,1.36000000000,
0.02759999968,1.36000000000,
0.02763999999,1.36000000000,
0.02767999843,1.36000000000,
0.02771999873,1.36000000000,
0.02775999904,1.36000000000,
0.02779999934,1.35200010000,
0.02783999965,1.35200010000,
0.02787999995,1.34400010000,
0.02791999839,1.35200010000,
0.02795999870,1.35200010000,
0.02799999900,1.34400010000,
0.02803999931,1.34400010000,
0.02807999961,1.34400010000,
0.02811999992,1.34400010000,
0.02815999836,1.34400010000,
0.02819999866,1.33600010000,
0.02823999897,1.33600010000,
0.02827999927,1.33600010000,
0.02831999958,1.33600010000,
0.02835999988,1.33600010000,
0.02839999832,1.32800010000,
0.02843999863,1.32800010000,
0.02847999893,1.32800010000,
0.02851999924,1.32800010000,
0.02855999954,1.32800010000,
0.02859999985,1.32800010000,
0.02863999829,1.32800010000,
0.02867999859,1.32800010000,
0.02871999890,1.32800010000,
0.02875999920,1.32800010000,
0.02879999951,1.32800010000,
0.02883999981,1.32800010000,
0.02887999825,1.32800010000,
0.02891999856,1.32800010000,
0.02895999886,1.32800010000,
0.02899999917,1.32800010000,
0.02903999947,1.32800010000,
0.02907999977,1.32800010000,
0.02911999822,1.32800010000,
0.02915999852,1.32800010000,
0.02919999883,1.32800010000,
0.02923999913,1.32800010000,
0.02927999943,1.32800010000,
0.02931999974,1.32800010000,
0.02936000004,1.32800010000,
0.02939999849,1.32800010000,
0.02943999879,1.32800010000,
0.02947999910,1.32800010000,
0.02951999940,1.33600010000,
0.02955999970,1.33600010000,
0.02960000001,1.32800010000,
0.02963999845,1.33600010000,
0.02967999876,1.33600010000,
0.02971999906,1.33600010000,
0.02975999936,1.33600010000,
0.02979999967,1.33600010000,
0.02983999997,1.34400010000,
0.02987999842,1.34400010000,
0.02991999872,1.34400010000,
0.02995999902,1.35200010000,
0.02999999933,1.35200010000,
0.03003999963,1.35200010000,
0.03007999994,1.36000000000,
0.03011999838,1.35200010000,
0.03015999869,1.35200010000,
0.03019999899,1.35200010000,
0.03023999929,1.36000000000,
0.03027999960,1.36000000000,
0.03031999990,1.36000000000,
0.03035999835,1.36000000000,
0.03039999865,1.36800000000,
0.03043999895,1.36000000000,
0.03047999926,1.36800000000,
0.03051999956,1.36800000000,
0.03055999987,1.36800000000,
0.03059999831,1.37600000000,
0.03063999861,1.37600000000,
0.03067999892,1.37600000000,
0.03071999922,1.37600000000,
0.03075999953,1.37600000000,
0.03079999983,1.37600000000,
0.03083999828,1.38400010000,
0.03087999858,1.38400010000,
0.03091999888,1.38400010000,
0.03095999919,1.39200010000,
0.03099999949,1.39200010000,
0.03103999980,1.39200010000,
0.03107999824,1.39200010000,
0.03111999854,1.39200010000,
0.03115999885,1.39200010000,
0.03119999915,1.39200010000,
0.03123999946,1.40000010000,
0.03127999976,1.40000010000,
0.03131999820,1.40000010000,
0.03136000037,1.40000010000,
0.03139999881,1.40000010000,
0.03143999726,1.40800010000,
0.03147999942,1.40800010000,
0.03151999786,1.40800010000,
0.03156000003,1.41600000000,
0.03159999847,1.41600000000,
0.03164000064,1.41600000000,
0.03167999908,1.41600000000,
0.03171999753,1.41600000000,
0.03175999969,1.41600000000,
0.03179999813,1.41600000000,
0.03184000030,1.41600000000,
0.03187999874,1.42400000000,
0.03192000091,1.41600000000,
0.03195999935,1.42400000000,
0.03199999779,1.42400000000,
0.03203999996,1.42400000000,
0.03207999840,1.42400000000,
0.03212000057,1.43200000000,
0.03215999901,1.43200000000,
0.03219999745,1.43200000000,
0.03223999962,1.43200000000,
0.03227999806,1.43200000000,
0.03232000023,1.43200000000,
0.03235999867,1.43200000000,
0.03240000084,1.44000010000,
0.03243999928,1.43200000000,
0.03247999772,1.44000010000,
0.03251999989,1.44000010000,
0.03255999833,1.44000010000,
0.03260000050,1.44000010000,
0.03263999894,1.44000010000,
0.03267999738,1.44000010000,
0.03271999955,1.44000010000,
0.03275999799,1.44800010000,
0.03280000016,1.44000010000,
0.03283999860,1.44800010000,
0.03288000077,1.44800010000,
0.03291999921,1.44800010000,
0.03295999765,1.44800010000,
0.03299999982,1.44800010000,
0.03303999826,1.44800010000,
0.03308000043,1.44800010000,
0.03311999887,1.45600010000,
0.03315999731,1.45600010000,
0.03319999948,1.45600010000,
0.03323999792,1.45600010000,
0.03328000009,1.44800010000,
0.03331999853,1.45600010000,
0.03336000070,1.45600010000,
0.03339999914,1.45600010000,
0.03343999758,1.45600010000,
0.03347999975,1.45600010000,
0.03351999819,1.45600010000,
0.03356000036,1.45600010000,
0.03359999880,1.45600010000,
0.03363999724,1.45600010000,
0.03367999941,1.45600010000,
0.03371999785,1.45600010000,
0.03376000002,1.46400010000,
0.03379999846,1.46400010000,
0.03384000063,1.46400010000,
0.03387999907,1.46400010000,
0.03391999751,1.46400010000,
0.03395999968,1.46400010000,
0.03399999812,1.46400010000,
0.03404000029,1.46400010000,
0.03407999873,1.46400010000,
0.03411999717,1.46400010000,
0.03415999934,1.46400010000,
0.03419999778,1.47200010000,
0.03423999995,1.46400010000,
0.03427999839,1.46400010000,
0.03432000056,1.47200010000,
0.03435999900,1.47200010000,
0.03439999744,1.47200010000,
0.03443999961,1.47200010000,
0.03447999805,1.47200010000,
0.03452000022,1.47200010000,
0.03455999866,1.47200010000,
0.03460000083,1.47200010000,
0.03463999927,1.47200010000,
0.03467999771,1.47200010000,
0.03471999988,1.47200010000,
0.03475999832,1.48000000000,
0.03480000049,1.47200010000,
0.03483999893,1.47200010000,
0.03487999737,1.47200010000,
0.03491999954,1.47200010000,
0.03495999798,1.47200010000,
0.03500000015,1.47200010000,
0.03503999859,1.47200010000,
0.03508000076,1.47200010000,
0.03511999920,1.47200010000,
0.03515999764,1.47200010000,
0.03519999981,1.47200010000,
0.03523999825,1.48000000000,
0.03528000042,1.47200010000,
0.03531999886,1.47200010000,
0.03535999730,1.47200010000,
0.03539999947,1.47200010000,
0.03543999791,1.47200010000,
0.03548000008,1.47200010000,
0.03551999852,1.47200010000,
0.03556000069,1.47200010000,
0.03559999913,1.48000000000,
0.03563999757,1.47200010000,
0.03567999974,1.48000000000,
0.03571999818,1.47200010000,
0.03576000035,1.48000000000,
0.03579999879,1.48000000000,
0.03583999723,1.48000000000,
0.03587999940,1.48000000000,
0.03591999784,1.47200010000,
0.03596000001,1.48000000000,
0.03599999845,1.48000000000,
0.03604000062,1.48000000000,
0.03607999906,1.48000000000,
0.03611999750,1.48000000000,
0.03615999967,1.48000000000,
0.03619999811,1.48000000000,
0.03624000028,1.48000000000,
0.03627999872,1.48000000000,
0.03631999716,1.48000000000,
0.03635999933,1.48000000000,
0.03639999777,1.48000000000,
0.03643999994,1.48000000000,
0.03647999838,1.48000000000,
0.03652000055,1.48000000000,
0.03655999899,1.48000000000,
0.03659999743,1.48000000000,
0.03663999960,1.48800000000,
0.03667999804,1.48000000000,
0.03672000021,1.48000000000,
0.03675999865,1.48800000000,
0.03679999709,1.48800000000,
0.03683999926,1.48000000000,
0.03687999770,1.48000000000,
0.03691999987,1.48800000000,
0.03695999831,1.48000000000,
0.03700000048,1.48000000000,
0.03703999892,1.48000000000,
0.03707999736,1.48000000000,
0.03711999953,1.48000000000,
0.03715999797,1.48000000000,
0.03720000014,1.48000000000,
0.03723999858,1.48000000000,
0.03728000075,1.48000000000,
0.03731999919,1.48000000000,
0.03735999763,1.48000000000,
0.03739999980,1.48000000000,
0.03743999824,1.48800000000,
0.03748000041,1.48000000000,
0.03751999885,1.48000000000,
0.03755999729,1.48000000000,
0.03759999946,1.48000000000,
0.03763999790,1.48000000000,
0.03768000007,1.48000000000,
0.03771999851,1.48800000000,
0.03776000068,1.48000000000,
0.03779999912,1.48800000000,
0.03783999756,1.48000000000,
0.03787999973,1.48000000000,
0.03791999817,1.48800000000,
0.03796000034,1.48800000000,
0.03799999878,1.48800000000,
0.03803999722,1.48000000000,
0.03807999939,1.48000000000,
0.03811999783,1.48000000000,
0.03816000000,1.48800000000,
0.03819999844,1.48800000000,
0.03824000061,1.48800000000,
0.03827999905,1.48800000000,
0.03831999749,1.48800000000,
0.03835999966,1.48800000000,
0.03839999810,1.48800000000,
0.03844000027,1.48800000000,
0.03847999871,1.48800000000,
0.03851999715,1.48800000000,
0.03855999932,1.48800000000,
0.03859999776,1.48800000000,
0.03863999993,1.48800000000,
0.03867999837,1.48800000000,
0.03872000054,1.48800000000,
0.03875999898,1.48800000000,
0.03879999742,1.48800000000,
0.03883999959,1.48800000000,
0.03887999803,1.48800000000,
0.03892000020,1.48800000000,
0.03895999864,1.48800000000,
0.03899999708,1.48800000000,
0.03903999925,1.48800000000,
0.03907999769,1.48800000000,
0.03911999986,1.48800000000,
0.03915999830,1.48800000000,
0.03920000046,1.48800000000,
0.03923999891,1.48800000000,
0.03927999735,1.48800000000,
0.03931999952,1.48800000000,
0.03935999796,1.48800000000,
0.03940000013,1.48800000000,
0.03943999857,1.48800000000,
0.03948000073,1.48800000000,
0.03951999918,1.48800000000,
0.03955999762,1.48800000000,
0.03959999979,1.48800000000,
0.03963999823,1.48800000000,
0.03968000039,1.48800000000,
0.03971999884,1.48800000000,
0.03975999728,1.48000000000,
0.03979999945,1.48800000000,
0.03983999789,1.48800000000,
0.03988000005,1.48800000000,
0.03991999850,1.48800000000,
0.03996000066,1.48800000000,
0.03999999911,1.48800000000,
0.04003999755,1.49600010000,
0.04007999972,1.48800000000,
0.04011999816,1.48800000000,
0.04016000032,1.48800000000,
0.04019999877,1.48800000000,
0.04023999721,1.48800000000,
0.04027999938,1.48800000000,
0.04031999782,1.48800000000,
0.04035999998,1.48800000000,
0.04039999843,1.49600010000,
0.04044000059,1.48800000000,
0.04047999904,1.48800000000,
0.04051999748,1.48800000000,
0.04055999964,1.48800000000,
0.04059999809,1.48800000000,
0.04064000025,1.48800000000,
0.04067999870,1.48800000000,
0.04071999714,1.48800000000,
0.04075999931,1.48800000000,
0.04079999775,1.48800000000,
0.04083999991,1.48800000000,
0.04087999836,1.48800000000,
0.04092000052,1.48800000000,
0.04095999897,1.48800000000,
0.04099999741,1.48800000000,
0.04103999957,1.48800000000,
0.04107999802,1.48800000000,
0.04112000018,1.48800000000,
0.04115999863,1.49600010000,
0.04119999707,1.48800000000,
0.04123999923,1.48800000000,
0.04127999768,1.49600010000,
0.04131999984,1.48800000000,
0.04135999829,1.49600010000,
0.04140000045,1.48800000000,
0.04143999889,1.49600010000,
0.04147999734,1.48800000000,
0.04151999950,1.48800000000,
0.04155999795,1.49600010000,
0.04160000011,1.48800000000,
0.04163999856,1.48800000000,
0.04167999700,1.48800000000,
0.04171999916,1.48800000000,
0.04175999761,1.49600010000,
0.04179999977,1.49600010000,
0.04183999822,1.48800000000,
0.04188000038,1.48800000000,
0.04191999882,1.49600010000,
0.04195999727,1.49600010000,
0.04199999943,1.49600010000,
0.04203999788,1.49600010000,
0.04208000004,1.49600010000,
0.04211999848,1.49600010000,
0.04216000065,1.49600010000,
0.04219999909,1.49600010000,
0.04223999754,1.49600010000,
0.04227999970,1.49600010000,
0.04231999815,1.49600010000,
0.04236000031,1.49600010000,
0.04239999875,1.48800000000,
0.04243999720,1.49600010000,
0.04247999936,1.48800000000,
0.04251999781,1.48800000000,
0.04255999997,1.49600010000,
0.04259999841,1.49600010000,
0.04264000058,1.49600010000,
0.04267999902,1.49600010000,
0.04271999747,1.49600010000,
0.04275999963,1.48800000000,
0.04279999807,1.49600010000,
0.04284000024,1.49600010000,
0.04287999868,1.49600010000,
0.04291999713,1.49600010000,
0.04295999929,1.49600010000,
0.04299999774,1.49600010000,
0.04303999990,1.49600010000,
0.04307999834,1.49600010000,
0.04312000051,1.49600010000,
0.04315999895,1.49600010000,
0.04319999740,1.49600010000,
0.04323999956,1.49600010000,
0.04327999800,1.49600010000,
0.04332000017,1.49600010000,
0.04335999861,1.49600010000,
0.04339999706,1.49600010000,
0.04343999922,1.49600010000,
0.04347999766,1.49600010000,
0.04351999983,1.49600010000,
0.04355999827,1.49600010000,
0.04360000044,1.49600010000,
0.04363999888,1.49600010000,
0.04367999732,1.49600010000,
0.04371999949,1.49600010000,
0.04375999793,1.49600010000,
0.04380000010,1.49600010000,
0.04383999854,1.50400010000,
0.04387999699,1.49600010000,
0.04391999915,1.49600010000,
0.04395999759,1.49600010000,
0.04399999976,1.50400010000,
0.04403999820,1.49600010000,
0.04408000037,1.49600010000,
0.04411999881,1.49600010000,
0.04415999725,1.50400010000,
0.04419999942,1.49600010000,
0.04423999786,1.49600010000,
0.04428000003,1.49600010000,
0.04431999847,1.49600010000,
0.04435999691,1.50400010000,
0.04439999908,1.49600010000,
0.04443999752,1.50400010000,
0.04447999969,1.50400010000,
0.04451999813,1.49600010000,
0.04456000030,1.49600010000,
0.04459999874,1.49600010000,
0.04463999718,1.50400010000,
0.04467999935,1.49600010000,
0.04471999779,1.50400010000,
0.04475999996,1.49600010000,
0.04479999840,1.50400010000,
0.04484000057,1.50400010000,
0.04487999901,1.49600010000,
0.04491999745,1.49600010000,
0.04495999962,1.50400010000,
0.04499999806,1.50400010000,
0.04504000023,1.49600010000,
0.04507999867,1.50400010000,
0.04511999711,1.49600010000,
0.04515999928,1.49600010000,
0.04519999772,1.50400010000,
0.04523999989,1.49600010000,
0.04527999833,1.49600010000,
0.04532000050,1.49600010000,
0.04535999894,1.50400010000,
0.04539999738,1.49600010000,
0.04543999955,1.49600010000,
0.04547999799,1.50400010000,
0.04552000016,1.50400010000,
0.04555999860,1.50400010000,
0.04559999704,1.50400010000,
0.04563999921,1.50400010000,
0.04567999765,1.49600010000,
0.04571999982,1.50400010000,
0.04575999826,1.50400010000,
0.04580000043,1.50400010000,
0.04583999887,1.50400010000,
0.04587999731,1.50400010000,
0.04591999948,1.50400010000,
0.04595999792,1.50400010000,
0.04600000009,1.50400010000,
0.04603999853,1.50400010000,
0.04607999697,1.50400010000,
0.04611999914,1.49600010000,
0.04615999758,1.50400010000,
0.04619999975,1.49600010000,
0.04623999819,1.50400010000,
0.04628000036,1.49600010000,
0.04631999880,1.50400010000,
0.04635999724,1.50400010000,
0.04639999941,1.50400010000,
0.04643999785,1.50400010000,
0.04648000002,1.50400010000,
0.04651999846,1.50400010000,
0.04655999690,1.50400010000,
0.04659999907,1.49600010000,
0.04663999751,1.50400010000,
0.04667999968,1.50400010000,
0.04671999812,1.50400010000,
0.04676000029,1.50400010000,
0.04679999873,1.50400010000,
0.04683999717,1.50400010000,
0.04687999934,1.50400010000,
0.04691999778,1.50400010000,
0.04695999995,1.50400010000,
0.04699999839,1.50400010000,
0.04704000056,1.50400010000,
0.04707999900,1.50400010000,
0.04711999744,1.50400010000,
0.04715999961,1.50400010000,
0.04719999805,1.50400010000,
0.04724000022,1.50400010000,
0.04727999866,1.50400010000,
0.04731999710,1.50400010000,
0.04735999927,1.50400010000,
0.04739999771,1.50400010000,
0.04743999988,1.50400010000,
0.04747999832,1.50400010000,
0.04752000049,1.50400010000,
0.04755999893,1.50400010000,
0.04759999737,1.50400010000,
0.04763999954,1.50400010000,
0.04767999798,1.50400010000,
0.04772000015,1.50400010000,
0.04775999859,1.50400010000,
0.04779999703,1.50400010000,
0.04783999920,1.50400010000,
0.04787999764,1.50400010000,
0.04791999981,1.50400010000,
0.04795999825,1.50400010000,
0.04800000042,1.50400010000,
0.04803999886,1.50400010000,
0.04807999730,1.50400010000,
0.04811999947,1.50400010000,
0.04815999791,1.50400010000,
0.04820000008,1.50400010000,
0.04823999852,1.50400010000,
0.04827999696,1.50400010000,
0.04831999913,1.50400010000,
0.04835999757,1.50400010000,
0.04839999974,1.50400010000,
0.04843999818,1.50400010000,
0.04848000035,1.50400010000,
0.04851999879,1.50400010000,
0.04855999723,1.50400010000,
0.04859999940,1.50400010000,
0.04863999784,1.50400010000,
0.04868000001,1.50400010000,
0.04871999845,1.50400010000,
0.04875999689,1.50400010000,
0.04879999906,1.50400010000,
0.04883999750,1.51200010000,
0.04887999967,1.50400010000,
0.04891999811,1.50400010000,
0.04896000028,1.50400010000,
0.04899999872,1.50400010000,
0.04903999716,1.50400010000,
0.04907999933,1.50400010000,
0.04911999777,1.51200010000,
0.04915999994,1.51200010000,
0.04919999838,1.50400010000,
0.04923999682,1.50400010000,
0.04927999899,1.50400010000,
0.04931999743,1.51200010000,
0.04935999960,1.50400010000,
0.04939999804,1.50400010000,
0.04944000021,1.51200010000,
0.04947999865,1.50400010000,
0.04951999709,1.50400010000,
0.04955999926,1.50400010000,
0.04959999770,1.50400010000,
0.04963999987,1.51200010000,
0.04967999831,1.50400010000,
0.04972000048,1.50400010000,
0.04975999892,1.50400010000,
0.04979999736,1.50400010000,
0.04983999953,1.51200010000,
0.04987999797,1.51200010000,
0.04992000014,1.51200010000,
0.04995999858,1.51200010000,
0.04999999702,1.51200010000,
0.05003999919,1.51200010000,
0.05007999763,1.50400010000,
0.05011999980,1.51200010000,
0.05015999824,1.51200010000,
0.05020000041,1.51200010000,
0.05023999885,1.51200010000,
0.05027999729,1.50400010000,
0.05031999946,1.51200010000,
0.05035999790,1.51200010000,
0.05040000007,1.51200010000,
0.05043999851,1.51200010000,
0.05047999695,1.51200010000,
0.05051999912,1.51200010000,
0.05055999756,1.51200010000,
0.05059999973,1.51200010000,
0.05063999817,1.51200010000,
0.05068000033,1.51200010000,
0.05071999878,1.51200010000,
0.05075999722,1.51200010000,
0.05079999939,1.51200010000,
0.05083999783,1.51200010000,
0.05088000000,1.51200010000,
0.05091999844,1.51200010000,
0.05095999688,1.51200010000,
0.05099999905,1.51200010000,
0.05103999749,1.51200010000,
0.05107999966,1.51200010000,
0.05111999810,1.51200010000,
0.05116000026,1.51200010000,
0.05119999871,1.51200010000,
0.05123999715,1.51200010000,
0.05127999932,1.51200010000,
0.05131999776,1.51200010000,
0.05135999992,1.51200010000,
0.05139999837,1.51200010000,
0.05143999681,1.51200010000,
0.05147999898,1.50400010000,
0.05151999742,1.51200010000,
0.05155999959,1.51200010000,
0.05159999803,1.51200010000,
0.05164000019,1.51200010000,
0.05167999864,1.51200010000,
0.05171999708,1.51200010000,
0.05175999925,1.51200010000,
0.05179999769,1.51200010000,
0.05183999985,1.51200010000,
0.05187999830,1.51200010000,
0.05191999674,1.52000010000,
0.05195999891,1.51200010000,
0.05199999735,1.51200010000,
0.05203999951,1.51200010000,
0.05207999796,1.51200010000,
0.05212000012,1.51200010000,
0.05215999857,1.51200010000,
0.05219999701,1.51200010000,
0.05223999918,1.51200010000,
0.05227999762,1.51200010000,
0.05231999978,1.52000010000,
0.05235999823,1.51200010000,
0.05240000039,1.51200010000,
0.05243999884,1.52000010000,
0.05247999728,1.51200010000,
0.05251999944,1.51200010000,
0.05255999789,1.51200010000,
0.05260000005,1.51200010000,
0.05263999850,1.51200010000,
0.05267999694,1.52000010000,
0.05271999910,1.51200010000,
0.05275999755,1.52000010000,
0.05279999971,1.51200010000,
0.05283999816,1.51200010000,
0.05288000032,1.52000010000,
0.05291999876,1.52000010000,
0.05295999721,1.52000010000,
0.05299999937,1.52000010000,
0.05303999782,1.52000010000,
0.05307999998,1.52000010000,
0.05311999843,1.51200010000,
0.05315999687,1.51200010000,
0.05319999903,1.51200010000,
0.05323999748,1.51200010000,
0.05327999964,1.52000010000,
0.05331999809,1.52000010000,
0.05336000025,1.52000010000,
0.05339999869,1.51200010000,
0.05343999714,1.52000010000,
0.05347999930,1.51200010000,
0.05351999775,1.52000010000,
0.05355999991,1.52000010000,
0.05359999835,1.51200010000,
0.05363999680,1.52000010000,
0.05367999896,1.52000010000,
0.05371999741,1.52000010000,
0.05375999957,1.52000010000,
0.05379999802,1.52000010000,
0.05384000018,1.52000010000,
0.05387999862,1.52000010000,
0.05391999707,1.52000010000,
0.05395999923,1.52000010000,
0.05399999768,1.52000010000,
0.05403999984,1.52000010000,
0.05407999828,1.51200010000,
0.05411999673,1.52000010000,
0.05415999889,1.51200010000,
0.05419999734,1.51200010000,
0.05423999950,1.52000010000,
0.05427999794,1.52000010000,
0.05432000011,1.52000010000,
0.05435999855,1.52000010000,
0.05439999700,1.52000010000,
0.05443999916,1.52000010000,
0.05447999761,1.52000010000,
0.05451999977,1.52000010000,
0.05455999821,1.52000010000,
0.05459999666,1.52000010000,
0.05463999882,1.52000010000,
0.05467999727,1.52000010000,
0.05471999943,1.52000010000,
0.05475999787,1.52000010000,
0.05480000004,1.52800010000,
0.05483999848,1.52000010000,
0.05487999693,1.52000010000,
0.05491999909,1.52000010000,
0.05495999754,1.52000010000,
0.05499999970,1.52000010000,
0.05503999814,1.52000010000,
0.05508000031,1.52000010000,
0.05511999875,1.52000010000,
0.05515999720,1.52000010000,
0.05519999936,1.52000010000,
0.05523999780,1.52000010000,
0.05527999997,1.52000010000,
0.05531999841,1.52000010000,
0.05535999686,1.52000010000,
0.05539999902,1.52000010000,
0.05543999746,1.52000010000,
0.05547999963,1.52000010000,
0.05551999807,1.52000010000,
0.05556000024,1.52800010000,
0.05559999868,1.52000010000,
0.05563999713,1.52000010000,
0.05567999929,1.52000010000,
0.05571999773,1.52000010000,
0.05575999990,1.52800010000,
0.05579999834,1.52800010000,
0.05583999679,1.52800010000,
0.05587999895,1.52000010000,
0.05591999739,1.52800010000,
0.05595999956,1.52000010000,
0.05599999800,1.52000010000,
0.05604000017,1.52800010000,
0.05607999861,1.52800010000,
0.05611999705,1.52800010000,
0.05615999922,1.52800010000,
0.05619999766,1.52800010000,
0.05623999983,1.52800010000,
0.05627999827,1.52800010000,
0.05631999672,1.52000010000,
0.05635999888,1.52800010000,
0.05639999732,1.52000010000,
0.05643999949,1.52800010000,
0.05647999793,1.52800010000,
0.05652000010,1.52800010000,
0.05655999854,1.52800010000,
0.05659999698,1.52800010000,
0.05663999915,1.52800010000,
0.05667999759,1.52800010000,
0.05671999976,1.52000010000,
0.05675999820,1.52800010000,
0.05679999664,1.52000010000,
0.05683999881,1.52800010000,
0.05687999725,1.52800010000,
0.05691999942,1.52800010000,
0.05695999786,1.52800010000,
0.05700000003,1.52800010000,
0.05703999847,1.52000010000,
0.05707999691,1.52800010000,
0.05711999908,1.52800010000,
0.05715999752,1.52000010000,
0.05719999969,1.52000010000,
0.05723999813,1.52000010000,
0.05727999657,1.52000010000,
0.05731999874,1.52000010000,
0.05735999718,1.52800010000,
0.05739999935,1.52000010000,
0.05743999779,1.52000010000,
0.05747999996,1.52800010000,
0.05751999840,1.52000010000,
0.05755999684,1.52800010000,
0.05759999901,1.52000010000,
0.05763999745,1.52000010000,
0.05767999962,1.52000010000,
0.05771999806,1.52000010000,
0.05776000023,1.52000010000,
0.05779999867,1.52000010000,
0.05783999711,1.52000010000,
0.05787999928,1.52800010000,
0.05791999772,1.52800010000,
0.05795999989,1.52000010000,
0.05799999833,1.52000010000,
0.05803999677,1.52000010000,
0.05807999894,1.52000010000,
0.05811999738,1.52000010000,
0.05815999955,1.52800010000,
0.05819999799,1.52000010000,
0.05824000016,1.52000010000,
0.05827999860,1.52000010000,
0.05831999704,1.52000010000,
0.05835999921,1.52000010000,
0.05839999765,1.52000010000,
0.05843999982,1.52000010000,
0.05847999826,1.52000010000,
0.05851999670,1.52000010000,
0.05855999887,1.52000010000,
0.05859999731,1.52000010000,
0.05863999948,1.52000010000,
0.05867999792,1.52000010000,
0.05872000009,1.52000010000,
0.05875999853,1.52000010000,
0.05879999697,1.52000010000,
0.05883999914,1.52000010000,
0.05887999758,1.52000010000,
0.05891999975,1.52000010000,
0.05895999819,1.52000010000,
0.05899999663,1.52000010000,
0.05903999880,1.52000010000,
0.05907999724,1.52000010000,
0.05911999941,1.51200010000,
0.05915999785,1.52000010000,
0.05920000002,1.52000010000,
0.05923999846,1.52000010000,
0.05927999690,1.52000010000,
0.05931999907,1.52000010000,
0.05935999751,1.52000010000,
0.05939999968,1.52000010000,
0.05943999812,1.52000010000,
0.05947999656,1.52000010000,
0.05951999873,1.52000010000,
0.05955999717,1.52000010000,
0.05959999934,1.51200010000,
0.05963999778,1.52000010000,
0.05967999995,1.52000010000,
0.05971999839,1.52000010000,
0.05975999683,1.51200010000,
0.05979999900,1.52000010000,
0.05983999744,1.52000010000,
0.05987999961,1.52000010000,
0.05991999805,1.52000010000,
0.05996000022,1.52000010000,